build_commit,build_number,cpu_info,gpu_info,backends,model_filename,model_type,model_size,model_n_params,n_batch,n_ubatch,n_threads,cpu_mask,cpu_strict,poll,type_k,type_v,n_gpu_layers,n_cpu_moe,split_mode,main_gpu,no_kv_offload,flash_attn,devices,tensor_split,tensor_buft_overrides,load_mode,embeddings,no_op_offload,no_host,fit_target,fit_min_ctx,n_prompt,n_gen,n_depth,test_time,avg_ns,stddev_ns,avg_ts,stddev_ts
"3ae4f51","1","13th Gen Intel(R) Core(TM) i7-13700KF","Tesla V100-PCIE-32GB","CUDA","/home/chris/bonsai/Ternary-Bonsai-2-27B-PQ2_0.gguf","qwen35 27B PQ2_0 - 2.13 bpw (group 128)","7195047936","26895998464","2048","512","8","0x0","0","50","f16","f16","99","0","layer","0","0","1","auto","0.00","none","auto","0","0","0","0","0","512","0","0","2026-10-01T20:55:33Z","681085948","18867530","752.250323","19.634467"
"3ae4f51","1","13th Gen Intel(R) Core(TM) i7-13700KF","Tesla V100-PCIE-32GB","CUDA","/home/chris/bonsai/Ternary-Bonsai-2-27B-PQ2_0.gguf","qwen35 27B PQ2_0 - 2.13 bpw (group 128)","7195047936","26895998464","2048","512","8","0x0","0","50","f16","f16","99","0","layer","0","0","1","auto","0.00","none","auto","0","0","0","0","0","0","128","0","2026-10-01T20:55:45Z","2510701623","2861832","50.981827","0.057892"
build_commit,build_number,cpu_info,gpu_info,backends,model_filename,model_type,model_size,model_n_params,n_batch,n_ubatch,n_threads,cpu_mask,cpu_strict,poll,type_k,type_v,n_gpu_layers,n_cpu_moe,split_mode,main_gpu,no_kv_offload,flash_attn,devices,tensor_split,tensor_buft_overrides,load_mode,embeddings,no_op_offload,no_host,fit_target,fit_min_ctx,n_prompt,n_gen,n_depth,test_time,avg_ns,stddev_ns,avg_ts,stddev_ts
"3ae4f51","1","13th Gen Intel(R) Core(TM) i7-13700KF","Tesla V100-PCIE-32GB","CUDA","/home/chris/bonsai/Ternary-Bonsai-2-27B-PTQ1_0.gguf","qwen35 27B PTQ1_0 - 1.75 bpw ternary (group 128)","5935527936","26895998464","2048","512","8","0x0","0","50","f16","f16","99","0","layer","0","0","1","auto","0.00","none","auto","0","0","0","0","0","512","0","0","2026-10-01T20:56:33Z","631224576","3719227","811.147735","4.699764"
"3ae4f51","1","13th Gen Intel(R) Core(TM) i7-13700KF","Tesla V100-PCIE-32GB","CUDA","/home/chris/bonsai/Ternary-Bonsai-2-27B-PTQ1_0.gguf","qwen35 27B PTQ1_0 - 1.75 bpw ternary (group 128)","5935527936","26895998464","2048","512","8","0x0","0","50","f16","f16","99","0","layer","0","0","1","auto","0.00","none","auto","0","0","0","0","0","0","128","0","2026-10-01T20:56:44Z","3729287475","3540545","34.322939","0.032475"
build_commit,build_number,cpu_info,gpu_info,backends,model_filename,model_type,model_size,model_n_params,n_batch,n_ubatch,n_threads,cpu_mask,cpu_strict,poll,type_k,type_v,n_gpu_layers,n_cpu_moe,split_mode,main_gpu,no_kv_offload,flash_attn,devices,tensor_split,tensor_buft_overrides,load_mode,embeddings,no_op_offload,no_host,fit_target,fit_min_ctx,n_prompt,n_gen,n_depth,test_time,avg_ns,stddev_ns,avg_ts,stddev_ts
"3ae4f51","1","13th Gen Intel(R) Core(TM) i7-13700KF","Tesla V100-PCIE-32GB","CUDA","/home/chris/bonsai/Ternary-Bonsai-2-27B-PTQ1_0.gguf","qwen35 27B PTQ1_0 - 1.75 bpw ternary (group 128)","5935527936","26895998464","2048","512","8","0x0","0","50","f16","f16","99","0","layer","0","0","1","auto","0.00","none","auto","0","0","0","0","0","512","0","0","2026-10-01T20:57:47Z","630242675","3173859","812.404575","4.044326"
"3ae4f51","1","13th Gen Intel(R) Core(TM) i7-13700KF","Tesla V100-PCIE-32GB","CUDA","/home/chris/bonsai/Ternary-Bonsai-2-27B-PTQ1_0.gguf","qwen35 27B PTQ1_0 - 1.75 bpw ternary (group 128)","5935527936","26895998464","2048","512","8","0x0","0","50","f16","f16","99","0","layer","0","0","1","auto","0.00","none","auto","0","0","0","0","0","0","128","0","2026-10-01T20:57:58Z","3729291020","2581486","34.322893","0.023703"
build_commit,build_number,cpu_info,gpu_info,backends,model_filename,model_type,model_size,model_n_params,n_batch,n_ubatch,n_threads,cpu_mask,cpu_strict,poll,type_k,type_v,n_gpu_layers,n_cpu_moe,split_mode,main_gpu,no_kv_offload,flash_attn,devices,tensor_split,tensor_buft_overrides,load_mode,embeddings,no_op_offload,no_host,fit_target,fit_min_ctx,n_prompt,n_gen,n_depth,test_time,avg_ns,stddev_ns,avg_ts,stddev_ts
"3ae4f51","1","13th Gen Intel(R) Core(TM) i7-13700KF","Tesla V100-PCIE-32GB","CUDA","/home/chris/bonsai/Ternary-Bonsai-2-27B-PQ2_0.gguf","qwen35 27B PQ2_0 - 2.13 bpw (group 128)","7195047936","26895998464","2048","512","8","0x0","0","50","f16","f16","99","0","layer","0","0","1","auto","0.00","none","auto","0","0","0","0","0","512","0","0","2026-10-01T20:59:04Z","670609532","3998398","763.509701","4.504539"
"3ae4f51","1","13th Gen Intel(R) Core(TM) i7-13700KF","Tesla V100-PCIE-32GB","CUDA","/home/chris/bonsai/Ternary-Bonsai-2-27B-PQ2_0.gguf","qwen35 27B PQ2_0 - 2.13 bpw (group 128)","7195047936","26895998464","2048","512","8","0x0","0","50","f16","f16","99","0","layer","0","0","1","auto","0.00","none","auto","0","0","0","0","0","0","128","0","2026-10-01T20:59:16Z","2509429868","2639216","51.007655","0.053473"
